{
  "project_info": {
    "project_number": "821768041118",
    "project_id": "cattr-e075f",
    "storage_bucket": "cattr-e075f.appspot.com"
  },
  "client": [
    {
      "client_info": {
        "mobilesdk_app_id": "1:821768041118:android:980f68780bf38ac9a0c18f",
        "android_client_info": {
          "package_name": "com.example.cattr"
        }
      },
      "oauth_client": [
        {
          "client_id": "821768041118-jjpva8n6tl22g1q6iq3kg2p4o6ie1tss.apps.googleusercontent.com",
          "client_type": 3
        }
      ],
      "api_key": [
        {
          "current_key": "AIzaSyAzomgmB62itIGr8dzB3Iezgtnn36fZeBI"
        }
      ],
      "services": {
        "appinvite_service": {
          "other_platform_oauth_client": [
            {
              "client_id": "821768041118-jjpva8n6tl22g1q6iq3kg2p4o6ie1tss.apps.googleusercontent.com",
              "client_type": 3
            }
          ]
        }
      }
    }
  ],
  "configuration_version": "1"
}